{
  "system_info": {
    "name": "HybridGRPO Complete System",
    "num_agents": 5,
    "episodes": 100,
    "steps_per_episode": 100
  },
  "performance": {
    "final_return": -0.018782737808448528,
    "final_sharpe": -0.21904863729653928,
    "diversity": 0.0,
    "max_drawdown": -0.4461543013888441,
    "episode_returns": [
      -0.0421657303882641,
      0.1927135743920798,
      -0.0943602189437962,
      -0.12313170978863042,
      -0.12099683672256312,
      0.07184871598227804,
      0.3092317730647083,
      -0.09627621528403629,
      -0.0466060308286369,
      -0.12941900604381007,
      0.0022788888442974997,
      0.1428382763785787,
      0.020341462248801623,
      -0.0014901388309271901,
      0.06877499618119431,
      -0.02766403279862073,
      0.16693392223472348,
      -0.007794510401849086,
      0.0806233773093965,
      -0.17469417909763374,
      -0.1096222500306786,
      0.03226028773285439,
      0.19746924771154784,
      -0.21927358165073407,
      -0.04650498846362683,
      -0.0997703038623714,
      -0.2748876140030543,
      0.1137871483168289,
      0.18773530183784715,
      0.09416100567265495,
      0.13880127884288895,
      -0.15211518058391593,
      0.049412462530101564,
      -0.17938512829891928,
      0.08063053854170521,
      0.19497672291013846,
      0.1616755138023569,
      -0.052397975870255076,
      -0.12723833654186734,
      -0.19839945950264493,
      0.204120897769418,
      0.07774669151418245,
      0.11759458496860908,
      0.011388414127941893,
      -0.01737144572098015,
      -0.05231862749378835,
      -0.16704433600092994,
      -0.02380895813762751,
      0.027748798241238104,
      0.07459247493448706,
      0.009924908217674,
      0.11008333240601864,
      -0.02032998552623355,
      -0.021331153668066927,
      -0.17203354294611461,
      -0.2234087125397316,
      -0.16562174485537728,
      0.05911566138040181,
      -0.12296462996749646,
      0.00455317442994807,
      0.16991584046531982,
      -0.13988170280345502,
      -0.047496528684153994,
      -0.26647527465453047,
      0.06768368173307238,
      -0.10627065516133749,
      -0.010932937310937363,
      0.0062221711369749855,
      0.029480238287427962,
      0.19200971167455716,
      -0.2720317055547773,
      0.004465064539841634,
      0.14399245431858998,
      -0.2129930155811176,
      -0.11897158359205273,
      -0.17314625030855546,
      -0.016318605121915852,
      -0.06542217256461791,
      0.10440767417573027,
      -0.22271127076318709,
      -0.09549936494530964,
      -0.20310322318152552,
      0.1447214257224918,
      0.19931216893199077,
      -0.004594731876648717,
      -0.03929783596185177,
      0.03382990180547796,
      -0.04713443899288683,
      0.07185055541948815,
      0.012539655744382872,
      -0.08754716271549867,
      0.07293506118513493,
      -0.03553542069798976,
      0.08585257296142279,
      -0.22147880704184175,
      -0.10331555076012444,
      -0.004343982151706283,
      -0.09432013631268599,
      -0.14494156423224946,
      -0.1766649057075188
    ],
    "episode_sharpes": [
      -0.3225377501768139,
      1.5628714411716245,
      -0.9637609234505521,
      -1.142048199219484,
      -1.1588162010819314,
      0.865668399818086,
      2.6333339938961813,
      -0.8173850191399568,
      -0.4562483008408115,
      -1.386398062948125,
      0.14237465745218683,
      1.3956507474892312,
      0.32598174119777057,
      0.11196903353229667,
      0.7509297023628555,
      -0.16197837553868288,
      1.5208703381028956,
      0.0416249546374848,
      0.9630032961022845,
      -1.8740560226070992,
      -1.2562207320773762,
      0.47161559837263084,
      2.0210441687760103,
      -2.5517128570540843,
      -0.3903097804415559,
      -0.893216753805565,
      -3.11853877600544,
      1.330881140951725,
      2.1494747431363597,
      1.1653554829534671,
      1.523319284350709,
      -1.8194674831601323,
      0.6351790151658071,
      -2.566367846532138,
      1.0102513657673133,
      2.347536249532523,
      1.9254740130390189,
      -0.58526663574409,
      -1.326516095478768,
      -2.0232508297194047,
      1.8655718294132202,
      0.9412060711028976,
      1.3597460112686914,
      0.24043390796523656,
      -0.07726470704355547,
      -0.40346890140412905,
      -2.230487223798535,
      -0.14627792643645735,
      0.43918527523658535,
      0.9589621549629738,
      0.22516748191675348,
      1.1081096564480097,
      -0.11873728846600261,
      -0.12369509202659505,
      -1.9268560613667005,
      -2.4781577159671992,
      -1.5275935541829317,
      0.7676793225143362,
      -1.7480339077488087,
      0.16345416849268293,
      1.5639115212080645,
      -2.211177252409371,
      -0.41430973093070134,
      -3.961090460092092,
      0.8296759951308977,
      -1.013246272969044,
      0.004750859078867688,
      0.1915210173533966,
      0.4350304624262579,
      2.0980679366993416,
      -3.1099935074605067,
      0.1631645790803011,
      1.6261865678103462,
      -2.260329593226043,
      -1.2446494101167112,
      -2.318512022930311,
      -0.04623028368136602,
      -0.6519856814936991,
      1.0414977030341415,
      -3.00899855485987,
      -1.1109984015262768,
      -2.318574000667792,
      1.7504349370697938,
      1.9178955958759907,
      0.07576942778316823,
      -0.32488860870046965,
      0.47709499057652993,
      -0.36767587161746285,
      0.8049144953803798,
      0.2531790378068843,
      -0.8780283833960613,
      0.8602824710187319,
      -0.3509467280753006,
      0.9159897307597611,
      -2.2435155824669115,
      -1.4974367588986675,
      0.08506777479774878,
      -0.7993494495759564,
      -1.8807107918728503,
      -2.3559077092439904
    ]
  },
  "ensemble_summary": {
    "num_agents": 5,
    "weights": "[0.2 0.2 0.2 0.2 0.2]",
    "weight_history_length": 2,
    "update_counter": 100,
    "diversity": 0.0
  },
  "agent_summaries": [
    {
      "agent_id": 0,
      "total_steps": 10000,
      "memory_size": 10000,
      "avg_performance": -0.00014225983621156418,
      "learning_rate": 2.951266543065282e-08
    },
    {
      "agent_id": 1,
      "total_steps": 10000,
      "memory_size": 10000,
      "avg_performance": -0.00014225983621156418,
      "learning_rate": 2.951266543065282e-08
    },
    {
      "agent_id": 2,
      "total_steps": 10000,
      "memory_size": 10000,
      "avg_performance": -0.00014225983621156418,
      "learning_rate": 2.951266543065282e-08
    },
    {
      "agent_id": 3,
      "total_steps": 10000,
      "memory_size": 10000,
      "avg_performance": -0.00014225983621156418,
      "learning_rate": 2.951266543065282e-08
    },
    {
      "agent_id": 4,
      "total_steps": 10000,
      "memory_size": 10000,
      "avg_performance": -0.00014225983621156418,
      "learning_rate": 2.951266543065282e-08
    }
  ]
}